,property_value,pml,deductible,claim_amount,Cluster,curve,ded%,prem,XL_lower,XL_upper,new_ded%
15761,5083000.0,1271000.0,254000.0,6142600.0,4,Y3,0.1998426435877262,20342,300000,1000000,0.23603461841070023
15914,605000.0,605000.0,500.0,351360.0,1,Y2,0.0008264462809917,592,3000,600000,0.0049586776859504135
15849,20000.0,20000.0,250.0,43980.0,1,Y2,0.0125,68,500,10000,0.025
